{
  "format_version": "1.13.0",
  "minecraft:single_block_feature": {
    "description": {
      "identifier": "dave:stone"
    },
    "places_block": "minecraft:stone",
    "enforce_placement_rules": false,
    "enforce_survivability_rules": false,
    "may_replace": [
      "minecraft:air",
      "minecraft:dirt"
    ],
    "may_attach_to": {
      "auto_rotate": false,
      "min_sides_must_attach": 1,
      "bottom": [
        "minecraft:stone",
        "minecraft:air",
        "minecraft:dirt",
        "minecraft:gravel"
      ]
    }
  }
}