{
  "format_version": "1.13",
  "minecraft:feature_rules": {
    "description": {
      "identifier": "dave:island_bottom_rule",
      "places_feature": "dave:island_bottom"
    },
    "conditions": {
      "placement_pass": "before_underground_pass"
      // "minecraft:biome_filter": [
      //   {
      //     "test": "has_biome_tag",
      //     "operator": "==",
      //     "value": "ocean"
      //   }
      // ]
    },
    "distribution": {
      "iterations": 256,
      "x": {
        "distribution": "fixed_grid",
        "extent": [
          0,
          15
        ]
      },
      "z": {
        "distribution": "fixed_grid",
        "extent": [
          0,
          15
        ]
      },
      "y": "240"
    }
  }
}