{
  "format_version": "1.13",
  "minecraft:feature_rules": {
    "description": {
      "identifier": "dave:island_top_grass",
      "places_feature": "dave:grass"
    },
    "conditions": {
      "placement_pass": "after_underground_pass",
      "minecraft:biome_filter": {
        "any_of": [
          {
            "test": "has_biome_tag",
            "operator": "==",
            "value": "overworld"
          },
          {
            "test": "has_biome_tag",
            "operator": "==",
            "value": "overworld_generation"
          }
        ]
      }
    },
    "distribution": {
      "iterations": 256,
      "x": {
        "distribution": "fixed_grid",
        "extent": [
          0,
          15
        ]
      },
      "z": {
        "distribution": "fixed_grid",
        "extent": [
          0,
          15
        ]
      },
      "y": "(query.above_top_solid(v.worldx,v.worldz))"
    }
  }
}